team,off_pass,off_rush,def_pass,def_rush
ARI,215.11967942930684,140.22189868817873,223.77618450403983,120.97463435408666
ATL,240.62410650218175,122.24744474380854,231.03218112020397,118.3680543102144
BAL,260.65401790084786,205.57707518644418,275.9118918327489,82.96881768114184
BUF,286.9709120716759,156.7928398211224,237.61960711962797,121.6734554365432
CAR,185.24191494514565,105.50657282883391,252.2440959257316,197.17180876471534
CHI,202.0694345670621,102.4218028041364,219.07327592697217,131.8760919240834
CIN,284.7027224733801,91.08643706295027,249.11713243127778,125.96777507918613
CLE,200.00286683568692,77.61307507686459,215.89333968642475,128.55276584207257
DAL,237.32548727367495,102.33478718595254,241.46023451837397,136.73480324956944
DEN,231.93351896449968,117.38791056531652,215.64738134224203,88.06341989541234
DET,289.79036876231226,150.9193311506923,248.90648623671328,92.15033356088163
GB,239.46137675377366,149.90618594739243,208.35046733850226,84.938925043479
HOU,218.69737890395191,107.1094108098075,214.25753873690442,108.641806889124
IND,223.50260419654225,144.18220880680786,226.67309115431942,127.28268195474789
JAX,205.88883971849594,100.97003979003368,252.5787186590808,125.96773978683018
KC,247.75067395261752,102.03218797923553,242.21716390478545,92.94373113582364
LV,235.7806368071563,72.02802514548546,249.6754873898233,116.87112215757057
LAC,247.2071736372467,116.30263218562887,207.9131773807449,109.18927489404818
LAR,233.99564987316455,98.59958834173062,219.4340089817568,120.2733580489351
MIA,208.6836955281154,95.62355035223794,238.3385078395703,111.27114230125515
MIN,259.36916499614404,113.14787515496998,247.35058306872833,92.03775188517992
NE,183.30364179157908,100.51084274101885,236.9719201839912,133.27965671997174
NO,207.80273770270185,107.58205792752929,236.79440275006905,124.59752338040272
NYG,178.44552222781306,86.60667907914657,224.46911007131934,136.21872138648303
NYJ,240.92425848838067,100.99024712546756,233.85510436892196,127.15211128572051
PHI,215.63060034716557,176.53264873018105,189.37971809935252,98.68788700931601
PIT,224.06569377861263,127.45213622923973,247.49202923130522,107.05071199291838
SF,247.42880738913587,119.9422759559677,208.8332579074879,131.49837766070175
SEA,238.79097085607438,89.26174704224401,223.4168704437085,115.5380276988192
TB,263.9959444801376,149.7234875515868,256.5799283260991,91.99874922548112
TEN,190.04344439469574,100.82196599725538,209.58601722365285,150.89460046434692
WAS,243.79955828358547,165.15040290038633,208.57143848100458,137.14729954381136
