"season","game_id","season_type","week","posteam","official_net_pass_yards","official_rush_yards","accepted_defensive_dpi_yards","dpi_credit","adjusted_pass_yards","adjusted_rush_yards","official_net_offensive_yards","adjusted_offensive_yards","adjusted_pass_share"
2025,"2025_19_BUF_JAX","POST",19,"BUF",261,79,0,0,261,79,340,340,0.767647058823529
2025,"2025_19_BUF_JAX","POST",19,"JAX",205,154,0,0,205,154,359,359,0.571030640668524
2025,"2025_19_GB_CHI","POST",19,"CHI",352,93,0,0,352,93,445,445,0.791011235955056
2025,"2025_19_GB_CHI","POST",19,"GB",322,99,0,0,322,99,421,421,0.764845605700713
2025,"2025_19_HOU_PIT","POST",19,"HOU",244,164,0,0,244,164,408,408,0.598039215686274
2025,"2025_19_HOU_PIT","POST",19,"PIT",112,63,14,7,119,63,175,182,0.653846153846154
2025,"2025_19_LAC_NE","POST",19,"LAC",120,87,22,11,131,87,207,218,0.600917431192661
2025,"2025_19_LAC_NE","POST",19,"NE",235,146,0,0,235,146,381,381,0.616797900262467
2025,"2025_19_LA_CAR","POST",19,"CAR",250,83,30,15,265,83,333,348,0.761494252873563
2025,"2025_19_LA_CAR","POST",19,"LA",295,116,0,0,295,116,411,411,0.717761557177616
2025,"2025_19_SF_PHI","POST",19,"PHI",167,140,0,0,167,140,307,307,0.543973941368078
2025,"2025_19_SF_PHI","POST",19,"SF",286,75,0,0,286,75,361,361,0.792243767313019
2025,"2025_20_BUF_DEN","POST",20,"BUF",266,183,0,0,266,183,449,449,0.592427616926503
2025,"2025_20_BUF_DEN","POST",20,"DEN",279,70,30,15,294,70,349,364,0.807692307692308
2025,"2025_20_HOU_NE","POST",20,"HOU",193,48,41,20.5,213.5,48,241,261.5,0.816443594646271
2025,"2025_20_HOU_NE","POST",20,"NE",143,105,17,8.5,151.5,105,248,256.5,0.590643274853801
2025,"2025_20_LA_CHI","POST",20,"CHI",257,160,0,0,257,160,417,417,0.616306954436451
2025,"2025_20_LA_CHI","POST",20,"LA",229,111,0,0,229,111,340,340,0.673529411764706
2025,"2025_20_SF_SEA","POST",20,"SEA",106,175,23,11.5,117.5,175,281,292.5,0.401709401709402
2025,"2025_20_SF_SEA","POST",20,"SF",128,108,0,0,128,108,236,236,0.542372881355932
2025,"2025_21_LA_SEA","POST",21,"LA",365,114,0,0,365,114,479,479,0.762004175365344
2025,"2025_21_LA_SEA","POST",21,"SEA",321,75,0,0,321,75,396,396,0.810606060606061
2025,"2025_21_NE_DEN","POST",21,"DEN",102,79,0,0,102,79,181,181,0.56353591160221
2025,"2025_21_NE_DEN","POST",21,"NE",65,141,0,0,65,141,206,206,0.315533980582524
2025,"2025_22_SEA_NE","POST",22,"NE",252,79,0,0,252,79,331,331,0.761329305135952
2025,"2025_22_SEA_NE","POST",22,"SEA",194,141,0,0,194,141,335,335,0.57910447761194
2025,"2025_01_ARI_NO","REG",1,"ARI",130,146,13,6.5,136.5,146,276,282.5,0.483185840707965
2025,"2025_01_ARI_NO","REG",1,"NO",208,107,7,3.5,211.5,107,315,318.5,0.664050235478807
2025,"2025_01_BAL_BUF","REG",1,"BAL",194,238,0,0,194,238,432,432,0.449074074074074
2025,"2025_01_BAL_BUF","REG",1,"BUF",389,108,35,17.5,406.5,108,497,514.5,0.790087463556851
2025,"2025_01_CAR_JAX","REG",1,"CAR",142,113,26,13,155,113,255,268,0.578358208955224
2025,"2025_01_CAR_JAX","REG",1,"JAX",178,200,0,0,178,200,378,378,0.470899470899471
2025,"2025_01_CIN_CLE","REG",1,"CIN",95,46,15,7.5,102.5,46,141,148.5,0.69023569023569
2025,"2025_01_CIN_CLE","REG",1,"CLE",278,49,10,5,283,49,327,332,0.852409638554217
2025,"2025_01_DAL_PHI","REG",1,"DAL",188,119,43,21.5,209.5,119,307,328.5,0.637747336377473
2025,"2025_01_DAL_PHI","REG",1,"PHI",144,158,0,0,144,158,302,302,0.47682119205298
2025,"2025_01_DET_GB","REG",1,"DET",200,46,0,0,200,46,246,246,0.813008130081301
2025,"2025_01_DET_GB","REG",1,"GB",188,78,0,0,188,78,266,266,0.706766917293233
2025,"2025_01_HOU_LA","REG",1,"HOU",151,114,0,0,151,114,265,265,0.569811320754717
2025,"2025_01_HOU_LA","REG",1,"LA",224,72,0,0,224,72,296,296,0.756756756756757
2025,"2025_01_KC_LAC","REG",1,"KC",249,98,0,0,249,98,347,347,0.717579250720461
2025,"2025_01_KC_LAC","REG",1,"LAC",304,90,0,0,304,90,394,394,0.771573604060914
2025,"2025_01_LV_NE","REG",1,"LV",333,56,0,0,333,56,389,389,0.856041131105398
2025,"2025_01_LV_NE","REG",1,"NE",276,60,22,11,287,60,336,347,0.827089337175792
2025,"2025_01_MIA_IND","REG",1,"IND",262,156,0,0,262,156,418,418,0.626794258373206
2025,"2025_01_MIA_IND","REG",1,"MIA",133,78,0,0,133,78,211,211,0.630331753554502
2025,"2025_01_MIN_CHI","REG",1,"CHI",198,119,0,0,198,119,317,317,0.624605678233438
2025,"2025_01_MIN_CHI","REG",1,"MIN",134,120,56,28,162,120,254,282,0.574468085106383
2025,"2025_01_NYG_WAS","REG",1,"NYG",157,74,0,0,157,74,231,231,0.67965367965368
2025,"2025_01_NYG_WAS","REG",1,"WAS",212,220,0,0,212,220,432,432,0.490740740740741
2025,"2025_01_PIT_NYJ","REG",1,"NYJ",212,182,0,0,212,182,394,394,0.538071065989848
2025,"2025_01_PIT_NYJ","REG",1,"PIT",218,53,19,9.5,227.5,53,271,280.5,0.811051693404635
2025,"2025_01_SF_SEA","REG",1,"SEA",146,84,3,1.5,147.5,84,230,231.5,0.637149028077754
2025,"2025_01_SF_SEA","REG",1,"SF",265,119,0,0,265,119,384,384,0.690104166666667
2025,"2025_01_TB_ATL","REG",1,"ATL",289,69,0,0,289,69,358,358,0.807262569832402
2025,"2025_01_TB_ATL","REG",1,"TB",159,101,0,0,159,101,260,260,0.611538461538462
2025,"2025_01_TEN_DEN","REG",1,"DEN",166,151,16,8,174,151,317,325,0.535384615384615
2025,"2025_01_TEN_DEN","REG",1,"TEN",62,71,0,0,62,71,133,133,0.466165413533835
2025,"2025_02_ATL_MIN","REG",2,"ATL",108,218,0,0,108,218,326,326,0.331288343558282
2025,"2025_02_ATL_MIN","REG",2,"MIN",120,78,0,0,120,78,198,198,0.606060606060606
2025,"2025_02_BUF_NYJ","REG",2,"BUF",179,224,0,0,179,224,403,403,0.444168734491315
2025,"2025_02_BUF_NYJ","REG",2,"NYJ",54,100,0,0,54,100,154,154,0.350649350649351
2025,"2025_02_CAR_ARI","REG",2,"ARI",211,82,38,19,230,82,293,312,0.737179487179487
2025,"2025_02_CAR_ARI","REG",2,"CAR",303,49,1,0.5,303.5,49,352,352.5,0.860992907801418
2025,"2025_02_CHI_DET","REG",2,"CHI",205,134,0,0,205,134,339,339,0.604719764011799
2025,"2025_02_CHI_DET","REG",2,"DET",334,177,0,0,334,177,511,511,0.653620352250489
2025,"2025_02_CLE_BAL","REG",2,"BAL",197,45,12,6,203,45,242,248,0.818548387096774
2025,"2025_02_CLE_BAL","REG",2,"CLE",207,115,0,0,207,115,322,322,0.642857142857143
2025,"2025_02_DEN_IND","REG",2,"DEN",206,118,12,6,212,118,324,330,0.642424242424242
2025,"2025_02_DEN_IND","REG",2,"IND",306,167,23,11.5,317.5,167,473,484.5,0.65531475748194
2025,"2025_02_JAX_CIN","REG",2,"CIN",302,48,25,12.5,314.5,48,350,362.5,0.867586206896552
2025,"2025_02_JAX_CIN","REG",2,"JAX",261,139,0,0,261,139,400,400,0.6525
2025,"2025_02_LAC_LV","REG",2,"LAC",236,81,0,0,236,81,317,317,0.744479495268139
2025,"2025_02_LAC_LV","REG",2,"LV",150,68,8,4,154,68,218,222,0.693693693693694
2025,"2025_02_LA_TEN","REG",2,"LA",290,149,0,0,290,149,439,439,0.660592255125285
2025,"2025_02_LA_TEN","REG",2,"TEN",143,109,14,7,150,109,252,259,0.579150579150579
2025,"2025_02_NE_MIA","REG",2,"MIA",297,61,0,0,297,61,358,358,0.829608938547486
2025,"2025_02_NE_MIA","REG",2,"NE",211,122,0,0,211,122,333,333,0.633633633633634
2025,"2025_02_NYG_DAL","REG",2,"DAL",343,135,45,22.5,365.5,135,478,500.5,0.73026973026973
2025,"2025_02_NYG_DAL","REG",2,"NYG",422,84,21,10.5,432.5,84,506,516.5,0.837366892545983
2025,"2025_02_PHI_KC","REG",2,"KC",173,121,0,0,173,121,294,294,0.58843537414966
2025,"2025_02_PHI_KC","REG",2,"PHI",94,122,0,0,94,122,216,216,0.435185185185185
2025,"2025_02_SEA_PIT","REG",2,"PIT",195,72,0,0,195,72,267,267,0.730337078651685
2025,"2025_02_SEA_PIT","REG",2,"SEA",278,117,0,0,278,117,395,395,0.70379746835443
2025,"2025_02_SF_NO","REG",2,"NO",186,121,0,0,186,121,307,307,0.60586319218241
2025,"2025_02_SF_NO","REG",2,"SF",267,77,10,5,272,77,344,349,0.779369627507163
2025,"2025_02_TB_HOU","REG",2,"HOU",182,84,0,0,182,84,266,266,0.684210526315789
2025,"2025_02_TB_HOU","REG",2,"TB",191,169,0,0,191,169,360,360,0.530555555555556
2025,"2025_02_WAS_GB","REG",2,"GB",269,135,0,0,269,135,404,404,0.665841584158416
2025,"2025_02_WAS_GB","REG",2,"WAS",179,51,0,0,179,51,230,230,0.778260869565217
2025,"2025_03_ARI_SF","REG",3,"ARI",154,106,33,16.5,170.5,106,260,276.5,0.616636528028933
2025,"2025_03_ARI_SF","REG",3,"SF",282,73,0,0,282,73,355,355,0.794366197183099
2025,"2025_03_ATL_CAR","REG",3,"ATL",201,131,0,0,201,131,332,332,0.605421686746988
2025,"2025_03_ATL_CAR","REG",3,"CAR",114,110,13,6.5,120.5,110,224,230.5,0.522776572668113
2025,"2025_03_CIN_MIN","REG",3,"CIN",118,53,14,7,125,53,171,178,0.702247191011236
2025,"2025_03_CIN_MIN","REG",3,"MIN",183,169,0,0,183,169,352,352,0.519886363636364
2025,"2025_03_DAL_CHI","REG",3,"CHI",298,87,0,0,298,87,385,385,0.774025974025974
2025,"2025_03_DAL_CHI","REG",3,"DAL",275,121,0,0,275,121,396,396,0.694444444444444
2025,"2025_03_DEN_LAC","REG",3,"DEN",147,118,0,0,147,118,265,265,0.554716981132075
2025,"2025_03_DEN_LAC","REG",3,"LAC",270,106,8,4,274,106,376,380,0.721052631578947
2025,"2025_03_DET_BAL","REG",3,"BAL",233,85,16,8,241,85,318,326,0.739263803680982
2025,"2025_03_DET_BAL","REG",3,"DET",202,224,0,0,202,224,426,426,0.474178403755869
2025,"2025_03_GB_CLE","REG",3,"CLE",125,96,5,2.5,127.5,96,221,223.5,0.570469798657718
2025,"2025_03_GB_CLE","REG",3,"GB",149,81,20,10,159,81,230,240,0.6625
2025,"2025_03_HOU_JAX","REG",3,"HOU",184,87,0,0,184,87,271,271,0.678966789667897
2025,"2025_03_HOU_JAX","REG",3,"JAX",205,86,11,5.5,210.5,86,291,296.5,0.709949409780776
2025,"2025_03_IND_TEN","REG",3,"IND",228,137,37,18.5,246.5,137,365,383.5,0.642764015645372
2025,"2025_03_IND_TEN","REG",3,"TEN",196,86,0,0,196,86,282,282,0.695035460992908
2025,"2025_03_KC_NYG","REG",3,"KC",201,105,52,26,227,105,306,332,0.683734939759036
2025,"2025_03_KC_NYG","REG",3,"NYG",151,130,5,2.5,153.5,130,281,283.5,0.541446208112875
2025,"2025_03_LA_PHI","REG",3,"LA",196,160,17,8.5,204.5,160,356,364.5,0.561042524005487
2025,"2025_03_LA_PHI","REG",3,"PHI",202,86,1,0.5,202.5,86,288,288.5,0.701906412478336
2025,"2025_03_LV_WAS","REG",3,"LV",261,93,0,0,261,93,354,354,0.73728813559322
2025,"2025_03_LV_WAS","REG",3,"WAS",199,201,0,0,199,201,400,400,0.4975
2025,"2025_03_MIA_BUF","REG",3,"BUF",203,157,20,10,213,157,360,370,0.575675675675676
2025,"2025_03_MIA_BUF","REG",3,"MIA",146,130,0,0,146,130,276,276,0.528985507246377
2025,"2025_03_NO_SEA","REG",3,"NO",205,79,0,0,205,79,284,284,0.721830985915493
2025,"2025_03_NO_SEA","REG",3,"SEA",233,87,0,0,233,87,320,320,0.728125
2025,"2025_03_NYJ_TB","REG",3,"NYJ",168,99,19,9.5,177.5,99,267,276.5,0.641952983725136
2025,"2025_03_NYJ_TB","REG",3,"TB",225,122,26,13,238,122,347,360,0.661111111111111
2025,"2025_03_PIT_NE","REG",3,"NE",250,119,16,8,258,119,369,377,0.684350132625995
2025,"2025_03_PIT_NE","REG",3,"PIT",139,64,19,9.5,148.5,64,203,212.5,0.698823529411765
2025,"2025_04_BAL_KC","REG",4,"BAL",194,166,0,0,194,166,360,360,0.538888888888889
2025,"2025_04_BAL_KC","REG",4,"KC",264,118,0,0,264,118,382,382,0.691099476439791
2025,"2025_04_CAR_NE","REG",4,"CAR",197,129,4,2,199,129,326,328,0.606707317073171
2025,"2025_04_CAR_NE","REG",4,"NE",203,104,0,0,203,104,307,307,0.661237785016287
2025,"2025_04_CHI_LV","REG",4,"CHI",202,69,0,0,202,69,271,271,0.745387453874539
2025,"2025_04_CHI_LV","REG",4,"LV",117,240,0,0,117,240,357,357,0.327731092436975
2025,"2025_04_CIN_DEN","REG",4,"CIN",106,53,22,11,117,53,159,170,0.688235294117647
2025,"2025_04_CIN_DEN","REG",4,"DEN",326,186,0,0,326,186,512,512,0.63671875
2025,"2025_04_CLE_DET","REG",4,"CLE",170,79,0,0,170,79,249,249,0.682730923694779
2025,"2025_04_CLE_DET","REG",4,"DET",168,109,0,0,168,109,277,277,0.606498194945848
2025,"2025_04_GB_DAL","REG",4,"DAL",319,117,0,0,319,117,436,436,0.731651376146789
2025,"2025_04_GB_DAL","REG",4,"GB",325,164,0,0,325,164,489,489,0.664621676891616
2025,"2025_04_IND_LA","REG",4,"IND",248,85,3,1.5,249.5,85,333,334.5,0.745889387144993
2025,"2025_04_IND_LA","REG",4,"LA",360,102,8,4,364,102,462,466,0.781115879828326
2025,"2025_04_JAX_SF","REG",4,"JAX",174,151,13,6.5,180.5,151,325,331.5,0.544494720965309
2025,"2025_04_JAX_SF","REG",4,"SF",306,83,7,3.5,309.5,83,389,392.5,0.788535031847134
2025,"2025_04_LAC_NYG","REG",4,"LAC",186,152,0,0,186,152,338,338,0.550295857988166
2025,"2025_04_LAC_NYG","REG",4,"NYG",89,161,26,13,102,161,250,263,0.387832699619772
2025,"2025_04_MIN_PIT","REG",4,"MIN",302,70,0,0,302,70,372,372,0.811827956989247
2025,"2025_04_MIN_PIT","REG",4,"PIT",182,131,0,0,182,131,313,313,0.5814696485623
2025,"2025_04_NO_BUF","REG",4,"BUF",191,165,0,0,191,165,356,356,0.536516853932584
2025,"2025_04_NO_BUF","REG",4,"NO",109,189,0,0,109,189,298,298,0.365771812080537
2025,"2025_04_NYJ_MIA","REG",4,"MIA",177,123,10,5,182,123,300,305,0.59672131147541
2025,"2025_04_NYJ_MIA","REG",4,"NYJ",207,197,0,0,207,197,404,404,0.512376237623762
2025,"2025_04_PHI_TB","REG",4,"PHI",112,88,0,0,112,88,200,200,0.56
2025,"2025_04_PHI_TB","REG",4,"TB",272,104,8,4,276,104,376,380,0.726315789473684
2025,"2025_04_SEA_ARI","REG",4,"ARI",164,89,29,14.5,178.5,89,253,267.5,0.667289719626168
2025,"2025_04_SEA_ARI","REG",4,"SEA",229,155,16,8,237,155,384,392,0.604591836734694
2025,"2025_04_TEN_HOU","REG",4,"HOU",224,129,0,0,224,129,353,353,0.634560906515581
2025,"2025_04_TEN_HOU","REG",4,"TEN",93,82,0,0,93,82,175,175,0.531428571428571
2025,"2025_04_WAS_ATL","REG",4,"ATL",307,128,0,0,307,128,435,435,0.705747126436782
2025,"2025_04_WAS_ATL","REG",4,"WAS",147,147,25,12.5,159.5,147,294,306.5,0.520391517128874
2025,"2025_05_DAL_NYJ","REG",5,"DAL",236,180,0,0,236,180,416,416,0.567307692307692
2025,"2025_05_DAL_NYJ","REG",5,"NYJ",234,144,0,0,234,144,378,378,0.619047619047619
2025,"2025_05_DEN_PHI","REG",5,"DEN",228,130,0,0,228,130,358,358,0.636871508379888
2025,"2025_05_DEN_PHI","REG",5,"PHI",257,45,53,26.5,283.5,45,302,328.5,0.863013698630137
2025,"2025_05_DET_CIN","REG",5,"CIN",237,85,6,3,240,85,322,325,0.738461538461539
2025,"2025_05_DET_CIN","REG",5,"DET",247,118,0,0,247,118,365,365,0.676712328767123
2025,"2025_05_HOU_BAL","REG",5,"BAL",163,44,0,0,163,44,207,207,0.78743961352657
2025,"2025_05_HOU_BAL","REG",5,"HOU",250,167,9,4.5,254.5,167,417,421.5,0.603795966785291
2025,"2025_05_KC_JAX","REG",5,"JAX",210,109,26,13,223,109,319,332,0.671686746987952
2025,"2025_05_KC_JAX","REG",5,"KC",318,158,0,0,318,158,476,476,0.668067226890756
2025,"2025_05_LV_IND","REG",5,"IND",221,96,24,12,233,96,317,329,0.708206686930091
2025,"2025_05_LV_IND","REG",5,"LV",190,106,15,7.5,197.5,106,296,303.5,0.650741350906096
2025,"2025_05_MIA_CAR","REG",5,"CAR",179,239,10,5,184,239,418,423,0.434988179669031
2025,"2025_05_MIA_CAR","REG",5,"MIA",229,19,0,0,229,19,248,248,0.923387096774194
2025,"2025_05_MIN_CLE","REG",5,"CLE",182,140,0,0,182,140,322,322,0.565217391304348
2025,"2025_05_MIN_CLE","REG",5,"MIN",252,97,12,6,258,97,349,355,0.726760563380282
2025,"2025_05_NE_BUF","REG",5,"BUF",245,118,19,9.5,254.5,118,363,372.5,0.683221476510067
2025,"2025_05_NE_BUF","REG",5,"NE",267,71,11,5.5,272.5,71,338,343.5,0.79330422125182
2025,"2025_05_NYG_NO","REG",5,"NO",244,88,44,22,266,88,332,354,0.751412429378531
2025,"2025_05_NYG_NO","REG",5,"NYG",199,136,3,1.5,200.5,136,335,336.5,0.595839524517088
2025,"2025_05_SF_LA","REG",5,"LA",378,78,0,0,378,78,456,456,0.828947368421053
2025,"2025_05_SF_LA","REG",5,"SF",333,74,6,3,336,74,407,410,0.819512195121951
2025,"2025_05_TB_SEA","REG",5,"SEA",341,122,12,6,347,122,463,469,0.739872068230277
2025,"2025_05_TB_SEA","REG",5,"TB",370,56,0,0,370,56,426,426,0.868544600938967
2025,"2025_05_TEN_ARI","REG",5,"ARI",192,168,0,0,192,168,360,360,0.533333333333333
2025,"2025_05_TEN_ARI","REG",5,"TEN",249,78,0,0,249,78,327,327,0.761467889908257
2025,"2025_05_WAS_LAC","REG",5,"LAC",181,155,0,0,181,155,336,336,0.538690476190476
2025,"2025_05_WAS_LAC","REG",5,"WAS",226,163,17,8.5,234.5,163,389,397.5,0.589937106918239
2025,"2025_06_ARI_IND","REG",6,"ARI",312,88,0,0,312,88,400,400,0.78
2025,"2025_06_ARI_IND","REG",6,"IND",205,150,0,0,205,150,355,355,0.577464788732394
2025,"2025_06_BUF_ATL","REG",6,"ATL",233,210,14,7,240,210,443,450,0.533333333333333
2025,"2025_06_BUF_ATL","REG",6,"BUF",157,134,0,0,157,134,291,291,0.539518900343643
2025,"2025_06_CHI_WAS","REG",6,"CHI",236,150,0,0,236,150,386,386,0.61139896373057
2025,"2025_06_CHI_WAS","REG",6,"WAS",205,124,0,0,205,124,329,329,0.623100303951368
2025,"2025_06_CIN_GB","REG",6,"CIN",213,55,11,5.5,218.5,55,268,273.5,0.79890310786106
2025,"2025_06_CIN_GB","REG",6,"GB",256,153,0,0,256,153,409,409,0.625916870415648
2025,"2025_06_CLE_PIT","REG",6,"CLE",183,65,2,1,184,65,248,249,0.738955823293173
2025,"2025_06_CLE_PIT","REG",6,"PIT",235,100,0,0,235,100,335,335,0.701492537313433
2025,"2025_06_DAL_CAR","REG",6,"CAR",194,216,12,6,200,216,410,416,0.480769230769231
2025,"2025_06_DAL_CAR","REG",6,"DAL",261,31,12,6,267,31,292,298,0.895973154362416
2025,"2025_06_DEN_NYJ","REG",6,"DEN",168,78,0,0,168,78,246,246,0.682926829268293
2025,"2025_06_DEN_NYJ","REG",6,"NYJ",-10,92,0,0,-10,92,82,82,-0.121951219512195
2025,"2025_06_DET_KC","REG",6,"DET",199,98,0,0,199,98,297,297,0.67003367003367
2025,"2025_06_DET_KC","REG",6,"KC",243,112,14,7,250,112,355,362,0.69060773480663
2025,"2025_06_LAC_MIA","REG",6,"LAC",263,140,0,0,263,140,403,403,0.652605459057072
2025,"2025_06_LAC_MIA","REG",6,"MIA",204,137,0,0,204,137,341,341,0.598240469208211
2025,"2025_06_LA_BAL","REG",6,"BAL",117,179,0,0,117,179,296,296,0.39527027027027
2025,"2025_06_LA_BAL","REG",6,"LA",167,74,30,15,182,74,241,256,0.7109375
2025,"2025_06_NE_NO","REG",6,"NE",260,73,21,10.5,270.5,73,333,343.5,0.787481804949054
2025,"2025_06_NE_NO","REG",6,"NO",223,73,0,0,223,73,296,296,0.753378378378378
2025,"2025_06_PHI_NYG","REG",6,"NYG",194,172,20,10,204,172,366,376,0.542553191489362
2025,"2025_06_PHI_NYG","REG",6,"PHI",266,73,25,12.5,278.5,73,339,351.5,0.792318634423898
2025,"2025_06_SEA_JAX","REG",6,"JAX",214,59,0,0,214,59,273,273,0.783882783882784
2025,"2025_06_SEA_JAX","REG",6,"SEA",286,60,0,0,286,60,346,346,0.826589595375723
2025,"2025_06_SF_TB","REG",6,"SF",296,67,0,0,296,67,363,363,0.815426997245179
2025,"2025_06_SF_TB","REG",6,"TB",248,104,0,0,248,104,352,352,0.704545454545455
2025,"2025_06_TEN_LV","REG",6,"LV",158,68,0,0,158,68,226,226,0.699115044247788
2025,"2025_06_TEN_LV","REG",6,"TEN",160,65,3,1.5,161.5,65,225,226.5,0.713024282560706
2025,"2025_07_ATL_SF","REG",7,"ATL",230,62,15,7.5,237.5,62,292,299.5,0.792988313856427
2025,"2025_07_ATL_SF","REG",7,"SF",150,174,0,0,150,174,324,324,0.462962962962963
2025,"2025_07_CAR_NYJ","REG",7,"CAR",177,125,0,0,177,125,302,302,0.586092715231788
2025,"2025_07_CAR_NYJ","REG",7,"NYJ",139,81,0,0,139,81,220,220,0.631818181818182
2025,"2025_07_GB_ARI","REG",7,"ARI",236,94,21,10.5,246.5,94,330,340.5,0.723935389133627
2025,"2025_07_GB_ARI","REG",7,"GB",168,94,0,0,168,94,262,262,0.641221374045801
2025,"2025_07_HOU_SEA","REG",7,"HOU",198,56,5,2.5,200.5,56,254,256.5,0.781676413255361
2025,"2025_07_HOU_SEA","REG",7,"SEA",198,118,15,7.5,205.5,118,316,323.5,0.635239567233385
2025,"2025_07_IND_LAC","REG",7,"IND",281,117,0,0,281,117,398,398,0.706030150753769
2025,"2025_07_IND_LAC","REG",7,"LAC",391,54,25,12.5,403.5,54,445,457.5,0.881967213114754
2025,"2025_07_LA_JAX","REG",7,"JAX",264,94,15,7.5,271.5,94,358,365.5,0.74281805745554
2025,"2025_07_LA_JAX","REG",7,"LA",182,89,49,24.5,206.5,89,271,295.5,0.698815566835871
2025,"2025_07_LV_KC","REG",7,"KC",282,152,0,0,282,152,434,434,0.649769585253456
2025,"2025_07_LV_KC","REG",7,"LV",70,25,0,0,70,25,95,95,0.736842105263158
2025,"2025_07_MIA_CLE","REG",7,"CLE",102,104,14,7,109,104,206,213,0.511737089201878
2025,"2025_07_MIA_CLE","REG",7,"MIA",120,99,0,0,120,99,219,219,0.547945205479452
2025,"2025_07_NE_TEN","REG",7,"NE",212,175,0,0,212,175,387,387,0.547803617571059
2025,"2025_07_NE_TEN","REG",7,"TEN",216,39,11,5.5,221.5,39,255,260.5,0.850287907869482
2025,"2025_07_NO_CHI","REG",7,"CHI",164,222,0,0,164,222,386,386,0.424870466321244
2025,"2025_07_NO_CHI","REG",7,"NO",209,44,22,11,220,44,253,264,0.833333333333333
2025,"2025_07_NYG_DEN","REG",7,"DEN",265,142,4,2,267,142,407,409,0.65281173594132
2025,"2025_07_NYG_DEN","REG",7,"NYG",268,119,19,9.5,277.5,119,387,396.5,0.699873896595208
2025,"2025_07_PHI_MIN","REG",7,"MIN",298,89,14,7,305,89,387,394,0.774111675126904
2025,"2025_07_PHI_MIN","REG",7,"PHI",316,45,0,0,316,45,361,361,0.875346260387812
2025,"2025_07_PIT_CIN","REG",7,"CIN",328,142,30,15,343,142,470,485,0.707216494845361
2025,"2025_07_PIT_CIN","REG",7,"PIT",249,147,0,0,249,147,396,396,0.628787878787879
2025,"2025_07_TB_DET","REG",7,"DET",215,164,0,0,215,164,379,379,0.567282321899736
2025,"2025_07_TB_DET","REG",7,"TB",210,41,3,1.5,211.5,41,251,252.5,0.837623762376238
2025,"2025_07_WAS_DAL","REG",7,"DAL",257,152,55,27.5,284.5,152,409,436.5,0.651775486827033
2025,"2025_07_WAS_DAL","REG",7,"WAS",205,136,14,7,212,136,341,348,0.609195402298851
2025,"2025_08_BUF_CAR","REG",8,"BUF",165,245,0,0,165,245,410,410,0.402439024390244
2025,"2025_08_BUF_CAR","REG",8,"CAR",130,114,0,0,130,114,244,244,0.532786885245902
2025,"2025_08_CHI_BAL","REG",8,"BAL",178,177,3,1.5,179.5,177,355,356.5,0.503506311360449
2025,"2025_08_CHI_BAL","REG",8,"CHI",276,96,0,0,276,96,372,372,0.741935483870968
2025,"2025_08_CLE_NE","REG",8,"CLE",145,68,0,0,145,68,213,213,0.68075117370892
2025,"2025_08_CLE_NE","REG",8,"NE",245,177,5,2.5,247.5,177,422,424.5,0.583038869257951
2025,"2025_08_DAL_DEN","REG",8,"DAL",231,108,0,0,231,108,339,339,0.68141592920354
2025,"2025_08_DAL_DEN","REG",8,"DEN",247,179,49,24.5,271.5,179,426,450.5,0.602663706992231
2025,"2025_08_GB_PIT","REG",8,"GB",360,94,0,0,360,94,454,454,0.79295154185022
2025,"2025_08_GB_PIT","REG",8,"PIT",202,93,22,11,213,93,295,306,0.696078431372549
2025,"2025_08_MIA_ATL","REG",8,"ATL",168,45,39,19.5,187.5,45,213,232.5,0.806451612903226
2025,"2025_08_MIA_ATL","REG",8,"MIA",197,141,27,13.5,210.5,141,338,351.5,0.598862019914651
2025,"2025_08_MIN_LAC","REG",8,"LAC",212,207,0,0,212,207,419,419,0.505966587112172
2025,"2025_08_MIN_LAC","REG",8,"MIN",130,34,0,0,130,34,164,164,0.792682926829268
2025,"2025_08_NYG_PHI","REG",8,"NYG",178,68,0,0,178,68,246,246,0.723577235772358
2025,"2025_08_NYG_PHI","REG",8,"PHI",151,276,14,7,158,276,427,434,0.36405529953917
2025,"2025_08_NYJ_CIN","REG",8,"CIN",217,181,0,0,217,181,398,398,0.545226130653266
2025,"2025_08_NYJ_CIN","REG",8,"NYJ",248,254,0,0,248,254,502,502,0.49402390438247
2025,"2025_08_SF_HOU","REG",8,"HOU",318,157,0,0,318,157,475,475,0.669473684210526
2025,"2025_08_SF_HOU","REG",8,"SF",175,48,0,0,175,48,223,223,0.7847533632287
2025,"2025_08_TB_NO","REG",8,"NO",227,48,0,0,227,48,275,275,0.825454545454545
2025,"2025_08_TB_NO","REG",8,"TB",124,88,0,0,124,88,212,212,0.584905660377358
2025,"2025_08_TEN_IND","REG",8,"IND",256,164,0,0,256,164,420,420,0.60952380952381
2025,"2025_08_TEN_IND","REG",8,"TEN",228,113,17,8.5,236.5,113,341,349.5,0.676680972818312
2025,"2025_08_WAS_KC","REG",8,"KC",284,148,0,0,284,148,432,432,0.657407407407407
2025,"2025_08_WAS_KC","REG",8,"WAS",200,60,0,0,200,60,260,260,0.769230769230769
2025,"2025_09_ARI_DAL","REG",9,"ARI",221,119,0,0,221,119,340,340,0.65
2025,"2025_09_ARI_DAL","REG",9,"DAL",210,123,0,0,210,123,333,333,0.630630630630631
2025,"2025_09_ATL_NE","REG",9,"ATL",217,71,0,0,217,71,288,288,0.753472222222222
2025,"2025_09_ATL_NE","REG",9,"NE",221,110,0,0,221,110,331,331,0.667673716012085
2025,"2025_09_BAL_MIA","REG",9,"BAL",188,150,0,0,188,150,338,338,0.556213017751479
2025,"2025_09_BAL_MIA","REG",9,"MIA",245,87,11,5.5,250.5,87,332,337.5,0.742222222222222
2025,"2025_09_CAR_GB","REG",9,"CAR",102,163,3,1.5,103.5,163,265,266.5,0.388367729831144
2025,"2025_09_CAR_GB","REG",9,"GB",265,104,0,0,265,104,369,369,0.718157181571816
2025,"2025_09_CHI_CIN","REG",9,"CHI",293,283,0,0,293,283,576,576,0.508680555555556
2025,"2025_09_CHI_CIN","REG",9,"CIN",449,46,7,3.5,452.5,46,495,498.5,0.907723169508526
2025,"2025_09_DEN_HOU","REG",9,"DEN",171,100,0,0,171,100,271,271,0.6309963099631
2025,"2025_09_DEN_HOU","REG",9,"HOU",191,77,0,0,191,77,268,268,0.712686567164179
2025,"2025_09_IND_PIT","REG",9,"IND",313,55,22,11,324,55,368,379,0.854881266490765
2025,"2025_09_IND_PIT","REG",9,"PIT",187,38,0,0,187,38,225,225,0.831111111111111
2025,"2025_09_JAX_LV","REG",9,"JAX",216,151,0,0,216,151,367,367,0.588555858310627
2025,"2025_09_JAX_LV","REG",9,"LV",274,57,20,10,284,57,331,341,0.832844574780059
2025,"2025_09_KC_BUF","REG",9,"BUF",263,141,5,2.5,265.5,141,404,406.5,0.653136531365314
2025,"2025_09_KC_BUF","REG",9,"KC",226,79,0,0,226,79,305,305,0.740983606557377
2025,"2025_09_LAC_TEN","REG",9,"LAC",212,131,0,0,212,131,343,343,0.618075801749271
2025,"2025_09_LAC_TEN","REG",9,"TEN",118,88,0,0,118,88,206,206,0.572815533980582
2025,"2025_09_MIN_DET","REG",9,"DET",240,65,0,0,240,65,305,305,0.786885245901639
2025,"2025_09_MIN_DET","REG",9,"MIN",116,142,0,0,116,142,258,258,0.449612403100775
2025,"2025_09_NO_LA","REG",9,"LA",267,171,5,2.5,269.5,171,438,440.5,0.611804767309875
2025,"2025_09_NO_LA","REG",9,"NO",167,57,0,0,167,57,224,224,0.745535714285714
2025,"2025_09_SEA_WAS","REG",9,"SEA",330,88,38,19,349,88,418,437,0.79862700228833
2025,"2025_09_SEA_WAS","REG",9,"WAS",133,157,0,0,133,157,290,290,0.458620689655172
2025,"2025_09_SF_NYG","REG",9,"NYG",179,117,0,0,179,117,296,296,0.60472972972973
2025,"2025_09_SF_NYG","REG",9,"SF",221,159,0,0,221,159,380,380,0.581578947368421
2025,"2025_10_ARI_SEA","REG",10,"ARI",206,129,0,0,206,129,335,335,0.614925373134328
2025,"2025_10_ARI_SEA","REG",10,"SEA",174,198,2,1,175,198,372,373,0.46916890080429
2025,"2025_10_ATL_IND","REG",10,"ATL",150,140,20,10,160,140,290,300,0.533333333333333
2025,"2025_10_ATL_IND","REG",10,"IND",196,323,0,0,196,323,519,519,0.377649325626204
2025,"2025_10_BAL_MIN","REG",10,"BAL",169,152,22,11,180,152,321,332,0.542168674698795
2025,"2025_10_BAL_MIN","REG",10,"MIN",245,120,52,26,271,120,365,391,0.69309462915601
2025,"2025_10_BUF_MIA","REG",10,"BUF",289,87,0,0,289,87,376,376,0.768617021276596
2025,"2025_10_BUF_MIA","REG",10,"MIA",173,197,0,0,173,197,370,370,0.467567567567568
2025,"2025_10_CLE_NYJ","REG",10,"CLE",120,158,36,18,138,158,278,296,0.466216216216216
2025,"2025_10_CLE_NYJ","REG",10,"NYJ",42,127,0,0,42,127,169,169,0.248520710059172
2025,"2025_10_DET_WAS","REG",10,"DET",320,226,0,0,320,226,546,546,0.586080586080586
2025,"2025_10_DET_WAS","REG",10,"WAS",195,93,0,0,195,93,288,288,0.677083333333333
2025,"2025_10_JAX_HOU","REG",10,"HOU",282,130,23,11.5,293.5,130,412,423.5,0.693034238488784
2025,"2025_10_JAX_HOU","REG",10,"JAX",119,94,15,7.5,126.5,94,213,220.5,0.573696145124717
2025,"2025_10_LA_SF","REG",10,"LA",275,126,0,0,275,126,401,401,0.685785536159601
2025,"2025_10_LA_SF","REG",10,"SF",319,74,0,0,319,74,393,393,0.811704834605598
2025,"2025_10_LV_DEN","REG",10,"DEN",136,84,0,0,136,84,220,220,0.618181818181818
2025,"2025_10_LV_DEN","REG",10,"LV",114,74,0,0,114,74,188,188,0.606382978723404
2025,"2025_10_NE_TB","REG",10,"NE",269,166,10,5,274,166,435,440,0.622727272727273
2025,"2025_10_NE_TB","REG",10,"TB",258,113,22,11,269,113,371,382,0.704188481675393
2025,"2025_10_NO_CAR","REG",10,"CAR",102,73,0,0,102,73,175,175,0.582857142857143
2025,"2025_10_NO_CAR","REG",10,"NO",266,122,0,0,266,122,388,388,0.685567010309278
2025,"2025_10_NYG_CHI","REG",10,"CHI",220,171,19,9.5,229.5,171,391,400.5,0.573033707865168
2025,"2025_10_NYG_CHI","REG",10,"NYG",262,169,0,0,262,169,431,431,0.607888631090487
2025,"2025_10_PHI_GB","REG",10,"GB",157,104,21,10.5,167.5,104,261,271.5,0.616942909760589
2025,"2025_10_PHI_GB","REG",10,"PHI",183,111,6,3,186,111,294,297,0.626262626262626
2025,"2025_10_PIT_LAC","REG",10,"LAC",199,115,0,0,199,115,314,314,0.633757961783439
2025,"2025_10_PIT_LAC","REG",10,"PIT",148,73,0,0,148,73,221,221,0.669683257918552
2025,"2025_11_BAL_CLE","REG",11,"BAL",167,184,0,0,167,184,351,351,0.475783475783476
2025,"2025_11_BAL_CLE","REG",11,"CLE",81,106,0,0,81,106,187,187,0.433155080213904
2025,"2025_11_CAR_ATL","REG",11,"ATL",223,125,8,4,227,125,348,352,0.644886363636364
2025,"2025_11_CAR_ATL","REG",11,"CAR",419,67,0,0,419,67,486,486,0.862139917695473
2025,"2025_11_CHI_MIN","REG",11,"CHI",180,140,0,0,180,140,320,320,0.5625
2025,"2025_11_CHI_MIN","REG",11,"MIN",150,115,0,0,150,115,265,265,0.566037735849057
2025,"2025_11_CIN_PIT","REG",11,"CIN",192,105,0,0,192,105,297,297,0.646464646464647
2025,"2025_11_CIN_PIT","REG",11,"PIT",232,111,12,6,238,111,343,349,0.681948424068768
2025,"2025_11_DAL_LV","REG",11,"DAL",267,114,0,0,267,114,381,381,0.700787401574803
2025,"2025_11_DAL_LV","REG",11,"LV",209,27,0,0,209,27,236,236,0.885593220338983
2025,"2025_11_DET_PHI","REG",11,"DET",243,74,0,0,243,74,317,317,0.766561514195584
2025,"2025_11_DET_PHI","REG",11,"PHI",124,148,8,4,128,148,272,276,0.463768115942029
2025,"2025_11_GB_NYG","REG",11,"GB",168,128,35,17.5,185.5,128,296,313.5,0.59170653907496
2025,"2025_11_GB_NYG","REG",11,"NYG",194,142,14,7,201,142,336,343,0.58600583090379
2025,"2025_11_HOU_TEN","REG",11,"HOU",240,75,14,7,247,75,315,322,0.767080745341615
2025,"2025_11_HOU_TEN","REG",11,"TEN",171,58,18,9,180,58,229,238,0.756302521008403
2025,"2025_11_KC_DEN","REG",11,"DEN",283,59,0,0,283,59,342,342,0.827485380116959
2025,"2025_11_KC_DEN","REG",11,"KC",249,62,87,43.5,292.5,62,311,354.5,0.825105782792666
2025,"2025_11_LAC_JAX","REG",11,"JAX",153,192,36,18,171,192,345,363,0.471074380165289
2025,"2025_11_LAC_JAX","REG",11,"LAC",93,42,0,0,93,42,135,135,0.688888888888889
2025,"2025_11_NYJ_NE","REG",11,"NE",271,65,0,0,271,65,336,336,0.806547619047619
2025,"2025_11_NYJ_NE","REG",11,"NYJ",105,140,0,0,105,140,245,245,0.428571428571429
2025,"2025_11_SEA_LA","REG",11,"LA",130,119,0,0,130,119,249,249,0.522088353413655
2025,"2025_11_SEA_LA","REG",11,"SEA",279,135,13,6.5,285.5,135,414,420.5,0.678953626634958
2025,"2025_11_SF_ARI","REG",11,"ARI",452,36,0,0,452,36,488,488,0.926229508196721
2025,"2025_11_SF_ARI","REG",11,"SF",186,95,0,0,186,95,281,281,0.661921708185053
2025,"2025_11_TB_BUF","REG",11,"BUF",317,97,0,0,317,97,414,414,0.765700483091787
2025,"2025_11_TB_BUF","REG",11,"TB",165,202,0,0,165,202,367,367,0.449591280653951
2025,"2025_11_WAS_MIA","REG",11,"MIA",142,169,0,0,142,169,311,311,0.456591639871383
2025,"2025_11_WAS_MIA","REG",11,"WAS",207,172,19,9.5,216.5,172,379,388.5,0.557271557271557
2025,"2025_12_ATL_NO","REG",12,"ATL",181,121,0,0,181,121,302,302,0.599337748344371
2025,"2025_12_ATL_NO","REG",12,"NO",214,79,25,12.5,226.5,79,293,305.5,0.741407528641571
2025,"2025_12_BUF_HOU","REG",12,"BUF",183,143,0,0,183,143,326,326,0.561349693251534
2025,"2025_12_BUF_HOU","REG",12,"HOU",153,108,0,0,153,108,261,261,0.586206896551724
2025,"2025_12_CAR_SF","REG",12,"CAR",161,69,0,0,161,69,230,230,0.7
2025,"2025_12_CAR_SF","REG",12,"SF",193,147,0,0,193,147,340,340,0.567647058823529
2025,"2025_12_CLE_LV","REG",12,"CLE",206,64,0,0,206,64,270,270,0.762962962962963
2025,"2025_12_CLE_LV","REG",12,"LV",208,60,21,10.5,218.5,60,268,278.5,0.784560143626571
2025,"2025_12_IND_KC","REG",12,"IND",181,74,0,0,181,74,255,255,0.709803921568627
2025,"2025_12_IND_KC","REG",12,"KC",346,148,0,0,346,148,494,494,0.700404858299595
2025,"2025_12_JAX_ARI","REG",12,"ARI",271,55,4,2,273,55,326,328,0.832317073170732
2025,"2025_12_JAX_ARI","REG",12,"JAX",237,134,0,0,237,134,371,371,0.638814016172507
2025,"2025_12_MIN_GB","REG",12,"GB",142,146,24,12,154,146,288,300,0.513333333333333
2025,"2025_12_MIN_GB","REG",12,"MIN",52,93,0,0,52,93,145,145,0.358620689655172
2025,"2025_12_NE_CIN","REG",12,"CIN",187,120,27,13.5,200.5,120,307,320.5,0.625585023400936
2025,"2025_12_NE_CIN","REG",12,"NE",285,107,35,17.5,302.5,107,392,409.5,0.738705738705739
2025,"2025_12_NYG_DET","REG",12,"DET",257,237,14,7,264,237,494,501,0.526946107784431
2025,"2025_12_NYG_DET","REG",12,"NYG",395,122,32,16,411,122,517,533,0.771106941838649
2025,"2025_12_NYJ_BAL","REG",12,"BAL",143,98,51,25.5,168.5,98,241,266.5,0.632270168855535
2025,"2025_12_NYJ_BAL","REG",12,"NYJ",204,78,0,0,204,78,282,282,0.723404255319149
2025,"2025_12_PHI_DAL","REG",12,"DAL",348,125,16,8,356,125,473,481,0.74012474012474
2025,"2025_12_PHI_DAL","REG",12,"PHI",276,63,0,0,276,63,339,339,0.814159292035398
2025,"2025_12_PIT_CHI","REG",12,"CHI",229,99,6,3,232,99,328,331,0.700906344410876
2025,"2025_12_PIT_CHI","REG",12,"PIT",159,186,38,19,178,186,345,364,0.489010989010989
2025,"2025_12_SEA_TEN","REG",12,"SEA",239,114,0,0,239,114,353,353,0.677053824362606
2025,"2025_12_SEA_TEN","REG",12,"TEN",232,64,0,0,232,64,296,296,0.783783783783784
2025,"2025_12_TB_LA","REG",12,"LA",263,70,0,0,263,70,333,333,0.78978978978979
2025,"2025_12_TB_LA","REG",12,"TB",70,123,0,0,70,123,193,193,0.362694300518135
2025,"2025_13_ARI_TB","REG",13,"ARI",291,95,0,0,291,95,386,386,0.753886010362694
2025,"2025_13_ARI_TB","REG",13,"TB",184,95,0,0,184,95,279,279,0.659498207885305
2025,"2025_13_ATL_NYJ","REG",13,"ATL",222,167,5,2.5,224.5,167,389,391.5,0.573435504469987
2025,"2025_13_ATL_NYJ","REG",13,"NYJ",159,110,27,13.5,172.5,110,269,282.5,0.610619469026549
2025,"2025_13_BUF_PIT","REG",13,"BUF",123,249,0,0,123,249,372,372,0.330645161290323
2025,"2025_13_BUF_PIT","REG",13,"PIT",108,58,0,0,108,58,166,166,0.650602409638554
2025,"2025_13_CHI_PHI","REG",13,"CHI",144,281,0,0,144,281,425,425,0.338823529411765
2025,"2025_13_CHI_PHI","REG",13,"PHI",230,87,0,0,230,87,317,317,0.725552050473186
2025,"2025_13_CIN_BAL","REG",13,"BAL",223,123,0,0,223,123,346,346,0.644508670520231
2025,"2025_13_CIN_BAL","REG",13,"CIN",254,128,17,8.5,262.5,128,382,390.5,0.672215108834827
2025,"2025_13_DEN_WAS","REG",13,"DEN",315,87,0,0,315,87,402,402,0.783582089552239
2025,"2025_13_DEN_WAS","REG",13,"WAS",276,143,5,2.5,278.5,143,419,421.5,0.66073546856465
2025,"2025_13_GB_DET","REG",13,"DET",233,119,0,0,233,119,352,352,0.661931818181818
2025,"2025_13_GB_DET","REG",13,"GB",234,125,0,0,234,125,359,359,0.651810584958217
2025,"2025_13_HOU_IND","REG",13,"HOU",256,108,8,4,260,108,364,368,0.706521739130435
2025,"2025_13_HOU_IND","REG",13,"IND",195,86,32,16,211,86,281,297,0.71043771043771
2025,"2025_13_JAX_TEN","REG",13,"JAX",202,70,0,0,202,70,272,272,0.742647058823529
2025,"2025_13_JAX_TEN","REG",13,"TEN",121,67,0,0,121,67,188,188,0.643617021276596
2025,"2025_13_KC_DAL","REG",13,"DAL",320,137,59,29.5,349.5,137,457,486.5,0.718396711202467
2025,"2025_13_KC_DAL","REG",13,"KC",243,119,0,0,243,119,362,362,0.671270718232044
2025,"2025_13_LA_CAR","REG",13,"CAR",194,164,0,0,194,164,358,358,0.541899441340782
2025,"2025_13_LA_CAR","REG",13,"LA",227,152,0,0,227,152,379,379,0.598944591029024
2025,"2025_13_LV_LAC","REG",13,"LAC",149,192,0,0,149,192,341,341,0.436950146627566
2025,"2025_13_LV_LAC","REG",13,"LV",125,31,16,8,133,31,156,164,0.810975609756098
2025,"2025_13_MIN_SEA","REG",13,"MIN",96,66,0,0,96,66,162,162,0.592592592592593
2025,"2025_13_MIN_SEA","REG",13,"SEA",94,125,0,0,94,125,219,219,0.429223744292237
2025,"2025_13_NO_MIA","REG",13,"MIA",134,164,0,0,134,164,298,298,0.449664429530201
2025,"2025_13_NO_MIA","REG",13,"NO",213,81,0,0,213,81,294,294,0.724489795918367
2025,"2025_13_NYG_NE","REG",13,"NE",276,119,0,0,276,119,395,395,0.69873417721519
2025,"2025_13_NYG_NE","REG",13,"NYG",128,111,0,0,128,111,239,239,0.535564853556485
2025,"2025_13_SF_CLE","REG",13,"CLE",115,138,0,0,115,138,253,253,0.454545454545455
2025,"2025_13_SF_CLE","REG",13,"SF",161,91,0,0,161,91,252,252,0.638888888888889
2025,"2025_14_CHI_GB","REG",14,"CHI",177,138,0,0,177,138,315,315,0.561904761904762
2025,"2025_14_CHI_GB","REG",14,"GB",220,117,0,0,220,117,337,337,0.652818991097923
2025,"2025_14_CIN_BUF","REG",14,"BUF",233,183,19,9.5,242.5,183,416,425.5,0.569917743830787
2025,"2025_14_CIN_BUF","REG",14,"CIN",276,62,33,16.5,292.5,62,338,354.5,0.825105782792666
2025,"2025_14_DAL_DET","REG",14,"DAL",326,91,0,0,326,91,417,417,0.781774580335731
2025,"2025_14_DAL_DET","REG",14,"DET",299,109,14,7,306,109,408,415,0.737349397590361
2025,"2025_14_DEN_LV","REG",14,"DEN",204,152,0,0,204,152,356,356,0.573033707865168
2025,"2025_14_DEN_LV","REG",14,"LV",189,40,15,7.5,196.5,40,229,236.5,0.830866807610994
2025,"2025_14_HOU_KC","REG",14,"HOU",186,82,0,0,186,82,268,268,0.694029850746269
2025,"2025_14_HOU_KC","REG",14,"KC",148,126,0,0,148,126,274,274,0.54014598540146
2025,"2025_14_IND_JAX","REG",14,"IND",196,89,29,14.5,210.5,89,285,299.5,0.702838063439065
2025,"2025_14_IND_JAX","REG",14,"JAX",247,103,0,0,247,103,350,350,0.705714285714286
2025,"2025_14_LA_ARI","REG",14,"ARI",263,51,0,0,263,51,314,314,0.837579617834395
2025,"2025_14_LA_ARI","REG",14,"LA",281,249,0,0,281,249,530,530,0.530188679245283
2025,"2025_14_MIA_NYJ","REG",14,"MIA",119,239,0,0,119,239,358,358,0.332402234636872
2025,"2025_14_MIA_NYJ","REG",14,"NYJ",142,65,39,19.5,161.5,65,207,226.5,0.713024282560706
2025,"2025_14_NO_TB","REG",14,"NO",121,139,0,0,121,139,260,260,0.465384615384615
2025,"2025_14_NO_TB","REG",14,"TB",122,179,33,16.5,138.5,179,301,317.5,0.436220472440945
2025,"2025_14_PHI_LAC","REG",14,"LAC",106,169,9,4.5,110.5,169,275,279.5,0.395348837209302
2025,"2025_14_PHI_LAC","REG",14,"PHI",231,134,0,0,231,134,365,365,0.632876712328767
2025,"2025_14_PIT_BAL","REG",14,"BAL",203,217,3,1.5,204.5,217,420,421.5,0.485172004744958
2025,"2025_14_PIT_BAL","REG",14,"PIT",284,34,0,0,284,34,318,318,0.893081761006289
2025,"2025_14_SEA_ATL","REG",14,"ATL",154,120,10,5,159,120,274,279,0.56989247311828
2025,"2025_14_SEA_ATL","REG",14,"SEA",236,129,0,0,236,129,365,365,0.646575342465753
2025,"2025_14_TEN_CLE","REG",14,"CLE",351,61,0,0,351,61,412,412,0.851941747572815
2025,"2025_14_TEN_CLE","REG",14,"TEN",108,184,0,0,108,184,292,292,0.36986301369863
2025,"2025_14_WAS_MIN","REG",14,"MIN",151,162,0,0,151,162,313,313,0.482428115015974
2025,"2025_14_WAS_MIN","REG",14,"WAS",99,107,14,7,106,107,206,213,0.497652582159624
2025,"2025_15_ARI_HOU","REG",15,"ARI",235,72,0,0,235,72,307,307,0.765472312703583
2025,"2025_15_ARI_HOU","REG",15,"HOU",256,143,24,12,268,143,399,411,0.652068126520681
2025,"2025_15_ATL_TB","REG",15,"ATL",365,111,0,0,365,111,476,476,0.766806722689076
2025,"2025_15_ATL_TB","REG",15,"TB",250,88,10,5,255,88,338,343,0.743440233236152
2025,"2025_15_BAL_CIN","REG",15,"BAL",128,189,0,0,128,189,317,317,0.403785488958991
2025,"2025_15_BAL_CIN","REG",15,"CIN",198,100,0,0,198,100,298,298,0.664429530201342
2025,"2025_15_BUF_NE","REG",15,"BUF",181,168,15,7.5,188.5,168,349,356.5,0.52875175315568
2025,"2025_15_BUF_NE","REG",15,"NE",139,246,0,0,139,246,385,385,0.361038961038961
2025,"2025_15_CAR_NO","REG",15,"CAR",154,127,0,0,154,127,281,281,0.548042704626335
2025,"2025_15_CAR_NO","REG",15,"NO",256,81,8,4,260,81,337,341,0.762463343108504
2025,"2025_15_CLE_CHI","REG",15,"CHI",219,142,0,0,219,142,361,361,0.606648199445983
2025,"2025_15_CLE_CHI","REG",15,"CLE",142,50,0,0,142,50,192,192,0.739583333333333
2025,"2025_15_DET_LA","REG",15,"DET",326,70,3,1.5,327.5,70,396,397.5,0.823899371069182
2025,"2025_15_DET_LA","REG",15,"LA",360,159,0,0,360,159,519,519,0.69364161849711
2025,"2025_15_GB_DEN","REG",15,"DEN",302,89,0,0,302,89,391,391,0.772378516624041
2025,"2025_15_GB_DEN","REG",15,"GB",247,115,25,12.5,259.5,115,362,374.5,0.692923898531375
2025,"2025_15_IND_SEA","REG",15,"IND",118,102,9,4.5,122.5,102,220,224.5,0.5456570155902
2025,"2025_15_IND_SEA","REG",15,"SEA",264,50,0,0,264,50,314,314,0.840764331210191
2025,"2025_15_LAC_KC","REG",15,"KC",190,49,0,0,190,49,239,239,0.794979079497908
2025,"2025_15_LAC_KC","REG",15,"LAC",201,94,0,0,201,94,295,295,0.68135593220339
2025,"2025_15_LV_PHI","REG",15,"LV",29,46,0,0,29,46,75,75,0.386666666666667
2025,"2025_15_LV_PHI","REG",15,"PHI",204,183,34,17,221,183,387,404,0.547029702970297
2025,"2025_15_MIA_PIT","REG",15,"MIA",222,63,0,0,222,63,285,285,0.778947368421053
2025,"2025_15_MIA_PIT","REG",15,"PIT",201,135,0,0,201,135,336,336,0.598214285714286
2025,"2025_15_MIN_DAL","REG",15,"DAL",285,138,0,0,285,138,423,423,0.673758865248227
2025,"2025_15_MIN_DAL","REG",15,"MIN",250,77,0,0,250,77,327,327,0.764525993883792
2025,"2025_15_NYJ_JAX","REG",15,"JAX",330,108,4,2,332,108,438,440,0.754545454545455
2025,"2025_15_NYJ_JAX","REG",15,"NYJ",154,130,0,0,154,130,284,284,0.542253521126761
2025,"2025_15_TEN_SF","REG",15,"SF",292,138,16,8,300,138,430,438,0.684931506849315
2025,"2025_15_TEN_SF","REG",15,"TEN",170,136,0,0,170,136,306,306,0.555555555555556
2025,"2025_15_WAS_NYG","REG",15,"NYG",238,146,8,4,242,146,384,388,0.623711340206186
2025,"2025_15_WAS_NYG","REG",15,"WAS",195,145,17,8.5,203.5,145,340,348.5,0.583931133428981
2025,"2025_16_ATL_ARI","REG",16,"ARI",188,132,0,0,188,132,320,320,0.5875
2025,"2025_16_ATL_ARI","REG",16,"ATL",190,152,0,0,190,152,342,342,0.555555555555556
2025,"2025_16_BUF_CLE","REG",16,"BUF",95,164,0,0,95,164,259,259,0.366795366795367
2025,"2025_16_BUF_CLE","REG",16,"CLE",134,160,0,0,134,160,294,294,0.45578231292517
2025,"2025_16_CIN_MIA","REG",16,"CIN",302,105,0,0,302,105,407,407,0.742014742014742
2025,"2025_16_CIN_MIA","REG",16,"MIA",260,129,0,0,260,129,389,389,0.668380462724936
2025,"2025_16_GB_CHI","REG",16,"CHI",250,150,0,0,250,150,400,400,0.625
2025,"2025_16_GB_CHI","REG",16,"GB",192,192,0,0,192,192,384,384,0.5
2025,"2025_16_JAX_DEN","REG",16,"DEN",344,101,0,0,344,101,445,445,0.773033707865169
2025,"2025_16_JAX_DEN","REG",16,"JAX",265,81,11,5.5,270.5,81,346,351.5,0.769559032716927
2025,"2025_16_KC_TEN","REG",16,"KC",82,51,17,8.5,90.5,51,133,141.5,0.639575971731449
2025,"2025_16_KC_TEN","REG",16,"TEN",212,164,0,0,212,164,376,376,0.563829787234043
2025,"2025_16_LAC_DAL","REG",16,"DAL",249,91,0,0,249,91,340,340,0.732352941176471
2025,"2025_16_LAC_DAL","REG",16,"LAC",300,152,0,0,300,152,452,452,0.663716814159292
2025,"2025_16_LA_SEA","REG",16,"LA",457,124,0,0,457,124,581,581,0.78657487091222
2025,"2025_16_LA_SEA","REG",16,"SEA",244,171,5,2.5,246.5,171,415,417.5,0.590419161676647
2025,"2025_16_LV_HOU","REG",16,"HOU",187,83,44,22,209,83,270,292,0.715753424657534
2025,"2025_16_LV_HOU","REG",16,"LV",170,145,4,2,172,145,315,317,0.542586750788643
2025,"2025_16_MIN_NYG","REG",16,"MIN",126,114,0,0,126,114,240,240,0.525
2025,"2025_16_MIN_NYG","REG",16,"NYG",13,128,0,0,13,128,141,141,0.0921985815602837
2025,"2025_16_NE_BAL","REG",16,"BAL",159,171,0,0,159,171,330,330,0.481818181818182
2025,"2025_16_NE_BAL","REG",16,"NE",374,79,0,0,374,79,453,453,0.82560706401766
2025,"2025_16_NYJ_NO","REG",16,"NO",328,84,0,0,328,84,412,412,0.796116504854369
2025,"2025_16_NYJ_NO","REG",16,"NYJ",131,64,0,0,131,64,195,195,0.671794871794872
2025,"2025_16_PHI_WAS","REG",16,"PHI",178,207,0,0,178,207,385,385,0.462337662337662
2025,"2025_16_PHI_WAS","REG",16,"WAS",130,90,37,18.5,148.5,90,220,238.5,0.622641509433962
2025,"2025_16_PIT_DET","REG",16,"DET",346,15,14,7,353,15,361,368,0.959239130434783
2025,"2025_16_PIT_DET","REG",16,"PIT",251,230,0,0,251,230,481,481,0.521829521829522
2025,"2025_16_SF_IND","REG",16,"IND",254,58,21,10.5,264.5,58,312,322.5,0.82015503875969
2025,"2025_16_SF_IND","REG",16,"SF",295,145,0,0,295,145,440,440,0.670454545454545
2025,"2025_16_TB_CAR","REG",16,"CAR",174,101,0,0,174,101,275,275,0.632727272727273
2025,"2025_16_TB_CAR","REG",16,"TB",127,169,0,0,127,169,296,296,0.429054054054054
2025,"2025_17_ARI_CIN","REG",17,"ARI",191,42,0,0,191,42,233,233,0.819742489270386
2025,"2025_17_ARI_CIN","REG",17,"CIN",309,120,16,8,317,120,429,437,0.725400457665904
2025,"2025_17_BAL_GB","REG",17,"BAL",107,307,0,0,107,307,414,414,0.258454106280193
2025,"2025_17_BAL_GB","REG",17,"GB",284,79,0,0,284,79,363,363,0.78236914600551
2025,"2025_17_CHI_SF","REG",17,"CHI",330,110,0,0,330,110,440,440,0.75
2025,"2025_17_CHI_SF","REG",17,"SF",296,200,0,0,296,200,496,496,0.596774193548387
2025,"2025_17_DAL_WAS","REG",17,"DAL",269,211,16,8,277,211,480,488,0.567622950819672
2025,"2025_17_DAL_WAS","REG",17,"WAS",190,138,4,2,192,138,328,330,0.581818181818182
2025,"2025_17_DEN_KC","REG",17,"DEN",175,128,0,0,175,128,303,303,0.577557755775578
2025,"2025_17_DEN_KC","REG",17,"KC",57,82,27,13.5,70.5,82,139,152.5,0.462295081967213
2025,"2025_17_DET_MIN","REG",17,"DET",163,68,0,0,163,68,231,231,0.705627705627706
2025,"2025_17_DET_MIN","REG",17,"MIN",3,158,0,0,3,158,161,161,0.0186335403726708
2025,"2025_17_HOU_LAC","REG",17,"HOU",244,118,0,0,244,118,362,362,0.674033149171271
2025,"2025_17_HOU_LAC","REG",17,"LAC",201,74,0,0,201,74,275,275,0.730909090909091
2025,"2025_17_JAX_IND","REG",17,"IND",135,69,26,13,148,69,204,217,0.682027649769585
2025,"2025_17_JAX_IND","REG",17,"JAX",249,121,0,0,249,121,370,370,0.672972972972973
2025,"2025_17_LA_ATL","REG",17,"ATL",126,219,0,0,126,219,345,345,0.365217391304348
2025,"2025_17_LA_ATL","REG",17,"LA",248,115,0,0,248,115,363,363,0.683195592286501
2025,"2025_17_NE_NYJ","REG",17,"NE",285,155,18,9,294,155,440,449,0.654788418708241
2025,"2025_17_NE_NYJ","REG",17,"NYJ",143,164,0,0,143,164,307,307,0.465798045602606
2025,"2025_17_NO_TEN","REG",17,"NO",320,103,0,0,320,103,423,423,0.756501182033097
2025,"2025_17_NO_TEN","REG",17,"TEN",228,108,50,25,253,108,336,361,0.700831024930748
2025,"2025_17_NYG_LV","REG",17,"LV",168,63,0,0,168,63,231,231,0.727272727272727
2025,"2025_17_NYG_LV","REG",17,"NYG",188,155,0,0,188,155,343,343,0.548104956268222
2025,"2025_17_PHI_BUF","REG",17,"BUF",211,120,26,13,224,120,331,344,0.651162790697674
2025,"2025_17_PHI_BUF","REG",17,"PHI",108,82,0,0,108,82,190,190,0.568421052631579
2025,"2025_17_PIT_CLE","REG",17,"CLE",184,78,0,0,184,78,262,262,0.702290076335878
2025,"2025_17_PIT_CLE","REG",17,"PIT",160,131,0,0,160,131,291,291,0.549828178694158
2025,"2025_17_SEA_CAR","REG",17,"CAR",40,99,9,4.5,44.5,99,139,143.5,0.310104529616725
2025,"2025_17_SEA_CAR","REG",17,"SEA",125,163,0,0,125,163,288,288,0.434027777777778
2025,"2025_17_TB_MIA","REG",17,"MIA",153,145,0,0,153,145,298,298,0.513422818791946
2025,"2025_17_TB_MIA","REG",17,"TB",327,53,15,7.5,334.5,53,380,387.5,0.863225806451613
2025,"2025_18_ARI_LA","REG",18,"ARI",238,79,0,0,238,79,317,317,0.750788643533123
2025,"2025_18_ARI_LA","REG",18,"LA",252,143,0,0,252,143,395,395,0.637974683544304
2025,"2025_18_BAL_PIT","REG",18,"BAL",222,137,0,0,222,137,359,359,0.618384401114206
2025,"2025_18_BAL_PIT","REG",18,"PIT",290,100,8,4,294,100,390,394,0.746192893401015
2025,"2025_18_CAR_TB","REG",18,"CAR",266,19,0,0,266,19,285,285,0.933333333333333
2025,"2025_18_CAR_TB","REG",18,"TB",198,140,13,6.5,204.5,140,338,344.5,0.593613933236575
2025,"2025_18_CLE_CIN","REG",18,"CIN",222,142,0,0,222,142,364,364,0.60989010989011
2025,"2025_18_CLE_CIN","REG",18,"CLE",82,118,0,0,82,118,200,200,0.41
2025,"2025_18_DAL_NYG","REG",18,"DAL",143,143,13,6.5,149.5,143,286,292.5,0.511111111111111
2025,"2025_18_DAL_NYG","REG",18,"NYG",219,161,33,16.5,235.5,161,380,396.5,0.593947036569987
2025,"2025_18_DET_CHI","REG",18,"CHI",205,65,0,0,205,65,270,270,0.759259259259259
2025,"2025_18_DET_CHI","REG",18,"DET",311,122,0,0,311,122,433,433,0.71824480369515
2025,"2025_18_GB_MIN","REG",18,"GB",-7,128,0,0,-7,128,121,121,-0.0578512396694215
2025,"2025_18_GB_MIN","REG",18,"MIN",226,137,0,0,226,137,363,363,0.622589531680441
2025,"2025_18_IND_HOU","REG",18,"HOU",205,134,0,0,205,134,339,339,0.604719764011799
2025,"2025_18_IND_HOU","REG",18,"IND",278,76,30,15,293,76,354,369,0.794037940379404
2025,"2025_18_KC_LV","REG",18,"KC",84,84,0,0,84,84,168,168,0.5
2025,"2025_18_KC_LV","REG",18,"LV",86,118,0,0,86,118,204,204,0.42156862745098
2025,"2025_18_LAC_DEN","REG",18,"DEN",124,116,0,0,124,116,240,240,0.516666666666667
2025,"2025_18_LAC_DEN","REG",18,"LAC",104,113,0,0,104,113,217,217,0.47926267281106
2025,"2025_18_MIA_NE","REG",18,"MIA",117,63,27,13.5,130.5,63,180,193.5,0.674418604651163
2025,"2025_18_MIA_NE","REG",18,"NE",214,243,0,0,214,243,457,457,0.468271334792123
2025,"2025_18_NO_ATL","REG",18,"ATL",159,49,0,0,159,49,208,208,0.764423076923077
2025,"2025_18_NO_ATL","REG",18,"NO",232,108,22,11,243,108,340,351,0.692307692307692
2025,"2025_18_NYJ_BUF","REG",18,"BUF",259,211,0,0,259,211,470,470,0.551063829787234
2025,"2025_18_NYJ_BUF","REG",18,"NYJ",53,69,0,0,53,69,122,122,0.434426229508197
2025,"2025_18_SEA_SF","REG",18,"SEA",181,180,16,8,189,180,361,369,0.51219512195122
2025,"2025_18_SEA_SF","REG",18,"SF",120,53,0,0,120,53,173,173,0.69364161849711
2025,"2025_18_TEN_JAX","REG",18,"JAX",255,64,7,3.5,258.5,64,319,322.5,0.801550387596899
2025,"2025_18_TEN_JAX","REG",18,"TEN",117,77,0,0,117,77,194,194,0.603092783505155
2025,"2025_18_WAS_PHI","REG",18,"PHI",227,80,0,0,227,80,307,307,0.739413680781759
2025,"2025_18_WAS_PHI","REG",18,"WAS",131,143,88,44,175,143,274,318,0.550314465408805
2026,"2026_01_ARI_LAC","REG",1,"ARI",277,116,24,12,289,116,393,405,0.71358024691358
2026,"2026_01_ARI_LAC","REG",1,"LAC",187,81,72,36,223,81,268,304,0.733552631578947
2026,"2026_01_ATL_PIT","REG",1,"ATL",118,120,0,0,118,120,238,238,0.495798319327731
2026,"2026_01_ATL_PIT","REG",1,"PIT",206,58,37,18.5,224.5,58,264,282.5,0.794690265486726
2026,"2026_01_BAL_IND","REG",1,"BAL",304,202,0,0,304,202,506,506,0.600790513833992
2026,"2026_01_BAL_IND","REG",1,"IND",149,102,11,5.5,154.5,102,251,256.5,0.60233918128655
2026,"2026_01_BUF_HOU","REG",1,"BUF",323,86,46,23,346,86,409,432,0.800925925925926
2026,"2026_01_BUF_HOU","REG",1,"HOU",257,124,21,10.5,267.5,124,381,391.5,0.683269476372925
2026,"2026_01_CHI_CAR","REG",1,"CAR",353,125,0,0,353,125,478,478,0.738493723849372
2026,"2026_01_CHI_CAR","REG",1,"CHI",261,291,0,0,261,291,552,552,0.472826086956522
2026,"2026_01_CLE_JAX","REG",1,"CLE",185,87,0,0,185,87,272,272,0.680147058823529
2026,"2026_01_CLE_JAX","REG",1,"JAX",234,126,0,0,234,126,360,360,0.65
2026,"2026_01_DAL_NYG","REG",1,"DAL",175,69,69,34.5,209.5,69,244,278.5,0.752244165170557
2026,"2026_01_DAL_NYG","REG",1,"NYG",229,165,0,0,229,165,394,394,0.581218274111675
2026,"2026_01_DEN_KC","REG",1,"DEN",115,61,0,0,115,61,176,176,0.653409090909091
2026,"2026_01_DEN_KC","REG",1,"KC",172,220,0,0,172,220,392,392,0.438775510204082
2026,"2026_01_GB_MIN","REG",1,"GB",353,66,0,0,353,66,419,419,0.842482100238663
2026,"2026_01_GB_MIN","REG",1,"MIN",132,107,0,0,132,107,239,239,0.552301255230126
2026,"2026_01_MIA_LV","REG",1,"LV",160,130,0,0,160,130,290,290,0.551724137931034
2026,"2026_01_MIA_LV","REG",1,"MIA",185,74,4,2,187,74,259,261,0.716475095785441
2026,"2026_01_NE_SEA","REG",1,"NE",168,109,34,17,185,109,277,294,0.629251700680272
2026,"2026_01_NE_SEA","REG",1,"SEA",188,97,0,0,188,97,285,285,0.659649122807018
2026,"2026_01_NO_DET","REG",1,"DET",204,165,0,0,204,165,369,369,0.552845528455285
2026,"2026_01_NO_DET","REG",1,"NO",378,91,21,10.5,388.5,91,469,479.5,0.81021897810219
2026,"2026_01_NYJ_TEN","REG",1,"NYJ",215,152,10,5,220,152,367,372,0.591397849462366
2026,"2026_01_NYJ_TEN","REG",1,"TEN",127,68,0,0,127,68,195,195,0.651282051282051
2026,"2026_01_SF_LA","REG",1,"LA",168,122,16,8,176,122,290,298,0.590604026845638
2026,"2026_01_SF_LA","REG",1,"SF",205,174,0,0,205,174,379,379,0.54089709762533
2026,"2026_01_TB_CIN","REG",1,"CIN",245,106,0,0,245,106,351,351,0.698005698005698
2026,"2026_01_TB_CIN","REG",1,"TB",193,89,12,6,199,89,282,288,0.690972222222222
2026,"2026_01_WAS_PHI","REG",1,"PHI",182,136,0,0,182,136,318,318,0.572327044025157
2026,"2026_01_WAS_PHI","REG",1,"WAS",163,132,0,0,163,132,295,295,0.552542372881356
2026,"2026_02_CAR_ATL","REG",2,"ATL",129,157,0,0,129,157,286,286,0.451048951048951
2026,"2026_02_CAR_ATL","REG",2,"CAR",272,68,0,0,272,68,340,340,0.8
2026,"2026_02_CIN_HOU","REG",2,"CIN",182,85,0,0,182,85,267,267,0.681647940074906
2026,"2026_02_CIN_HOU","REG",2,"HOU",314,60,0,0,314,60,374,374,0.839572192513369
2026,"2026_02_CLE_TB","REG",2,"CLE",223,44,0,0,223,44,267,267,0.835205992509363
2026,"2026_02_CLE_TB","REG",2,"TB",176,137,0,0,176,137,313,313,0.562300319488818
2026,"2026_02_DET_BUF","REG",2,"BUF",243,203,0,0,243,203,446,446,0.544843049327354
2026,"2026_02_DET_BUF","REG",2,"DET",289,66,8,4,293,66,355,359,0.816155988857939
2026,"2026_02_GB_NYJ","REG",2,"GB",136,63,61,30.5,166.5,63,199,229.5,0.725490196078431
2026,"2026_02_GB_NYJ","REG",2,"NYJ",218,67,34,17,235,67,285,302,0.778145695364238
2026,"2026_02_IND_KC","REG",2,"IND",210,119,49,24.5,234.5,119,329,353.5,0.663366336633663
2026,"2026_02_IND_KC","REG",2,"KC",371,152,0,0,371,152,523,523,0.709369024856597
2026,"2026_02_JAX_DEN","REG",2,"DEN",288,104,3,1.5,289.5,104,392,393.5,0.735705209656925
2026,"2026_02_JAX_DEN","REG",2,"JAX",173,95,0,0,173,95,268,268,0.645522388059702
2026,"2026_02_LV_LAC","REG",2,"LAC",183,127,6,3,186,127,310,313,0.594249201277955
2026,"2026_02_LV_LAC","REG",2,"LV",248,57,0,0,248,57,305,305,0.813114754098361
2026,"2026_02_MIA_SF","REG",2,"MIA",182,102,0,0,182,102,284,284,0.640845070422535
2026,"2026_02_MIA_SF","REG",2,"SF",287,95,0,0,287,95,382,382,0.75130890052356
2026,"2026_02_MIN_CHI","REG",2,"CHI",163,134,0,0,163,134,297,297,0.548821548821549
2026,"2026_02_MIN_CHI","REG",2,"MIN",127,119,0,0,127,119,246,246,0.516260162601626
2026,"2026_02_NO_BAL","REG",2,"BAL",204,108,0,0,204,108,312,312,0.653846153846154
2026,"2026_02_NO_BAL","REG",2,"NO",233,65,0,0,233,65,298,298,0.781879194630873
2026,"2026_02_NYG_LA","REG",2,"LA",318,163,0,0,318,163,481,481,0.661122661122661
2026,"2026_02_NYG_LA","REG",2,"NYG",130,52,5,2.5,132.5,52,182,184.5,0.718157181571816
2026,"2026_02_PHI_TEN","REG",2,"PHI",252,89,0,0,252,89,341,341,0.73900293255132
2026,"2026_02_PHI_TEN","REG",2,"TEN",169,122,0,0,169,122,291,291,0.580756013745705
2026,"2026_02_PIT_NE","REG",2,"NE",191,136,0,0,191,136,327,327,0.584097859327217
2026,"2026_02_PIT_NE","REG",2,"PIT",144,91,5,2.5,146.5,91,235,237.5,0.616842105263158
2026,"2026_02_SEA_ARI","REG",2,"ARI",81,70,21,10.5,91.5,70,151,161.5,0.56656346749226
2026,"2026_02_SEA_ARI","REG",2,"SEA",219,162,16,8,227,162,381,389,0.583547557840617
2026,"2026_02_WAS_DAL","REG",2,"DAL",266,66,0,0,266,66,332,332,0.801204819277108
2026,"2026_02_WAS_DAL","REG",2,"WAS",207,182,0,0,207,182,389,389,0.532133676092545
2026,"2026_03_ARI_SF","REG",3,"ARI",272,93,0,0,272,93,365,365,0.745205479452055
2026,"2026_03_ARI_SF","REG",3,"SF",297,140,5,2.5,299.5,140,437,439.5,0.681456200227531
2026,"2026_03_ATL_GB","REG",3,"ATL",256,242,0,0,256,242,498,498,0.514056224899598
2026,"2026_03_ATL_GB","REG",3,"GB",311,17,34,17,328,17,328,345,0.950724637681159
2026,"2026_03_BAL_DAL","REG",3,"BAL",186,192,73,36.5,222.5,192,378,414.5,0.536791314837153
2026,"2026_03_BAL_DAL","REG",3,"DAL",267,148,20,10,277,148,415,425,0.651764705882353
2026,"2026_03_CAR_CLE","REG",3,"CAR",262,98,0,0,262,98,360,360,0.727777777777778
2026,"2026_03_CAR_CLE","REG",3,"CLE",127,132,17,8.5,135.5,132,259,267.5,0.506542056074766
2026,"2026_03_CIN_PIT","REG",3,"CIN",269,83,0,0,269,83,352,352,0.764204545454545
2026,"2026_03_CIN_PIT","REG",3,"PIT",273,138,0,0,273,138,411,411,0.664233576642336
2026,"2026_03_HOU_IND","REG",3,"HOU",153,70,7,3.5,156.5,70,223,226.5,0.690949227373068
2026,"2026_03_HOU_IND","REG",3,"IND",211,89,0,0,211,89,300,300,0.703333333333333
2026,"2026_03_KC_MIA","REG",3,"KC",246,88,0,0,246,88,334,334,0.736526946107784
2026,"2026_03_KC_MIA","REG",3,"MIA",210,119,0,0,210,119,329,329,0.638297872340426
2026,"2026_03_LAC_BUF","REG",3,"BUF",174,176,0,0,174,176,350,350,0.497142857142857
2026,"2026_03_LAC_BUF","REG",3,"LAC",217,131,0,0,217,131,348,348,0.623563218390805
2026,"2026_03_LA_DEN","REG",3,"DEN",179,78,19,9.5,188.5,78,257,266.5,0.707317073170732
2026,"2026_03_LA_DEN","REG",3,"LA",366,116,13,6.5,372.5,116,482,488.5,0.762538382804504
2026,"2026_03_LV_NO","REG",3,"LV",227,113,7,3.5,230.5,113,340,343.5,0.671033478893741
2026,"2026_03_LV_NO","REG",3,"NO",233,148,0,0,233,148,381,381,0.611548556430446
2026,"2026_03_MIN_TB","REG",3,"MIN",152,78,0,0,152,78,230,230,0.660869565217391
2026,"2026_03_MIN_TB","REG",3,"TB",186,57,0,0,186,57,243,243,0.765432098765432
2026,"2026_03_NE_JAX","REG",3,"JAX",178,137,0,0,178,137,315,315,0.565079365079365
2026,"2026_03_NE_JAX","REG",3,"NE",234,83,0,0,234,83,317,317,0.738170347003155
2026,"2026_03_NYJ_DET","REG",3,"DET",250,131,0,0,250,131,381,381,0.656167979002625
2026,"2026_03_NYJ_DET","REG",3,"NYJ",277,58,16,8,285,58,335,343,0.830903790087464
2026,"2026_03_PHI_CHI","REG",3,"CHI",247,128,0,0,247,128,375,375,0.658666666666667
2026,"2026_03_PHI_CHI","REG",3,"PHI",141,107,21,10.5,151.5,107,248,258.5,0.586073500967118
2026,"2026_03_SEA_WAS","REG",3,"SEA",393,44,0,0,393,44,437,437,0.899313501144165
2026,"2026_03_SEA_WAS","REG",3,"WAS",176,82,14,7,183,82,258,265,0.690566037735849
2026,"2026_03_TEN_NYG","REG",3,"NYG",100,138,0,0,100,138,238,238,0.420168067226891
2026,"2026_03_TEN_NYG","REG",3,"TEN",181,81,0,0,181,81,262,262,0.690839694656489
